Year,Value
2025,117.9
2030,127.0117841
2040,147.4023607
2050,171.0664572
